{"stat.crouchOneCm":416,"achievement.exploreAllBiomes":{"value":0,"progress":["Plains"]},"stat.useItem.minecraft.item_frame":7,"stat.useItem.minecraft.command_block":8,"achievement.openInventory":15,"stat.useItem.minecraft.quartz_stairs":7,"stat.flyOneCm":64512,"stat.drop":1,"stat.useItem.minecraft.stone":9,"stat.timeSinceDeath":33787,"stat.playOneMinute":33787,"stat.leaveGame":2,"stat.useItem.minecraft.wool":4,"stat.useItem.minecraft.lapis_block":4,"stat.useItem.minecraft.stone_slab":13,"stat.walkOneCm":60287,"stat.jump":30,"stat.useItem.minecraft.armor_stand":3,"stat.useItem.minecraft.sign":13,"stat.sprintOneCm":7689}