{"stat.walkOneCm":73098,"stat.leaveGame":2,"stat.killEntity.Blaze":1,"stat.killEntity.Creeper":11,"stat.jump":44,"stat.fallOneCm":2935,"stat.crouchOneCm":32,"stat.sprintOneCm":42280,"achievement.exploreAllBiomes":{"value":0,"progress":["Plains"]},"stat.useItem.minecraft.stone_slab":2,"achievement.openInventory":8,"stat.mineBlock.minecraft.diamond_ore":16,"stat.damageTaken":6870,"stat.mobKills":12,"stat.entityKilledBy.Creeper":2,"stat.flyOneCm":28380,"stat.deaths":12,"stat.playOneMinute":7258,"stat.useItem.minecraft.stone_sword":24,"stat.damageDealt":3352,"stat.entityKilledBy.Blaze":1,"stat.timeSinceDeath":2470,"stat.useItem.minecraft.iron_pickaxe":17}