{"stat.useItem.minecraft.command_block":4,"stat.useItem.minecraft.lapis_block":19,"stat.walkOneCm":184967,"stat.useItem.minecraft.quartz_block":72,"stat.useItem.minecraft.chest":2,"stat.useItem.minecraft.quartz_stairs":37,"stat.leaveGame":4,"stat.useItem.minecraft.carpet":349,"stat.jump":129,"stat.fallOneCm":335,"stat.useItem.minecraft.redstone_block":1,"stat.useItem.minecraft.sea_lantern":9,"stat.crouchOneCm":518,"stat.useItem.minecraft.redstone_torch":22,"stat.sprintOneCm":11092,"stat.useItem.minecraft.stained_glass":3,"achievement.exploreAllBiomes":{"value":0,"progress":["Plains"]},"stat.useItem.minecraft.stone_slab":3,"achievement.openInventory":8,"stat.damageTaken":10,"stat.flyOneCm":231255,"stat.drop":1,"stat.playOneMinute":38593,"stat.useItem.minecraft.banner":9,"stat.useItem.minecraft.wool":35,"stat.timeSinceDeath":38593}