{"stat.crouchOneCm":222,"stat.useItem.minecraft.stained_glass_pane":2,"stat.useItem.minecraft.quartz_block":12,"stat.useItem.minecraft.command_block":2,"achievement.openInventory":8,"stat.damageDealt":115,"achievement.exploreAllBiomes":{"value":0,"progress":["Plains"]},"stat.flyOneCm":32206,"stat.timeSinceDeath":10332,"stat.playOneMinute":10332,"stat.leaveGame":3,"stat.useItem.minecraft.bow":4,"stat.killEntity.Pig":1,"stat.useItem.minecraft.stone_slab":6,"stat.walkOneCm":64304,"stat.jump":36,"stat.useItem.minecraft.carpet":9,"stat.useItem.minecraft.iron_pickaxe":1,"stat.mobKills":1,"stat.sprintOneCm":6658}