{"stat.useItem.minecraft.bow":24,"stat.killEntity.Skeleton":8,"stat.walkOneCm":334933,"achievement.openInventory":2,"stat.mineBlock.minecraft.diamond_ore":57,"stat.leaveGame":1,"stat.damageTaken":2521,"stat.mobKills":16,"stat.killEntity.Blaze":7,"stat.killEntity.Creeper":1,"stat.entityKilledBy.Creeper":1,"stat.flyOneCm":16246,"stat.deaths":7,"stat.jump":21,"stat.playOneMinute":20320,"stat.fallOneCm":11301,"stat.useItem.minecraft.stone_sword":22,"stat.entityKilledBy.Skeleton":1,"stat.damageDealt":3807,"stat.entityKilledBy.Blaze":3,"stat.crouchOneCm":157,"stat.timeSinceDeath":3328,"stat.useItem.minecraft.iron_pickaxe":70,"stat.sprintOneCm":142618,"achievement.exploreAllBiomes":{"value":0,"progress":["Plains"]}}