{"stat.useItem.minecraft.command_block":1,"stat.flyOneCm":3615,"stat.walkOneCm":32859,"stat.jump":5,"stat.playOneMinute":4549,"achievement.openInventory":1,"stat.fallOneCm":1325,"stat.useItem.minecraft.stone_pickaxe":4,"stat.leaveGame":2,"stat.mineBlock.minecraft.redstone_ore":1,"stat.damageTaken":110,"stat.crouchOneCm":3,"stat.timeSinceDeath":4549,"stat.useItem.minecraft.iron_pickaxe":1,"stat.useItem.minecraft.redstone_ore":1,"achievement.exploreAllBiomes":{"value":0,"progress":["Plains"]},"stat.useItem.minecraft.carpet":1}