{"stat.useItem.minecraft.bow":3,"stat.killEntity.Skeleton":1,"stat.useItem.minecraft.lapis_block":4,"stat.walkOneCm":45248,"stat.useItem.minecraft.chest":1,"achievement.openInventory":5,"stat.leaveGame":2,"stat.damageTaken":145,"stat.mobKills":1,"stat.useItem.minecraft.carpet":3,"stat.mineBlock.minecraft.redstone_block":5,"stat.flyOneCm":19073,"stat.jump":8,"stat.playOneMinute":5186,"stat.mineBlock.minecraft.redstone_ore":7,"stat.damageDealt":150,"stat.crouchOneCm":1,"stat.timeSinceDeath":5186,"stat.sprintOneCm":5260,"stat.useItem.minecraft.iron_pickaxe":15,"achievement.exploreAllBiomes":{"value":0,"progress":["Plains"]}}