{"stat.useItem.minecraft.bow":15,"stat.useItem.minecraft.command_block":8,"stat.flyOneCm":15963,"stat.deaths":2,"stat.walkOneCm":98593,"stat.jump":33,"stat.playOneMinute":12713,"achievement.openInventory":2,"stat.fallOneCm":465,"stat.mineBlock.minecraft.diamond_ore":8,"stat.leaveGame":5,"stat.damageTaken":630,"stat.damageDealt":10,"stat.entityKilledBy.Blaze":2,"stat.timeSinceDeath":6007,"stat.sprintOneCm":4391,"stat.useItem.minecraft.iron_pickaxe":8,"stat.mobKills":2,"stat.useItem.minecraft.stained_glass":1,"stat.killEntity.Blaze":2,"achievement.exploreAllBiomes":{"value":0,"progress":["Plains"]}}