{"stat.crouchOneCm":68,"stat.useItem.minecraft.glass_pane":18,"stat.useItem.minecraft.quartz_block":2,"stat.useItem.minecraft.command_block":2,"achievement.openInventory":5,"stat.damageDealt":3788,"achievement.exploreAllBiomes":{"value":0,"progress":["Plains"]},"stat.useItem.minecraft.stone_sword":20,"stat.mineBlock.minecraft.diamond_ore":44,"stat.fallOneCm":5285,"stat.flyOneCm":34993,"stat.damageTaken":1826,"stat.timeSinceDeath":5565,"stat.leaveGame":1,"stat.killEntity.Creeper":6,"stat.useItem.minecraft.bow":39,"stat.useItem.minecraft.glass":8,"stat.playOneMinute":11468,"stat.entityKilledBy.Skeleton":1,"stat.deaths":6,"stat.jump":108,"stat.killEntity.Blaze":5,"stat.mobKills":20,"stat.killEntity.Skeleton":8,"stat.useItem.minecraft.iron_pickaxe":58,"stat.walkOneCm":137168,"stat.entityKilledBy.Blaze":2,"stat.killEntity.Zombie":1,"stat.useItem.minecraft.sign":2,"stat.sprintOneCm":86600}