{"stat.useItem.minecraft.command_block":3,"stat.useItem.minecraft.bow":15,"stat.useItem.minecraft.lapis_block":13,"stat.walkOneCm":167154,"stat.useItem.minecraft.chest":2,"stat.leaveGame":2,"stat.killEntity.Blaze":2,"stat.useItem.minecraft.carpet":5,"stat.jump":37,"stat.fallOneCm":1138,"stat.useItem.minecraft.sea_lantern":6,"stat.crouchOneCm":224,"stat.useItem.minecraft.stained_glass":18,"stat.sprintOneCm":20358,"achievement.exploreAllBiomes":{"value":0,"progress":["Plains"]},"achievement.openInventory":15,"stat.mineBlock.minecraft.diamond_ore":11,"stat.useItem.minecraft.flint_and_steel":1,"stat.damageTaken":415,"stat.mobKills":4,"stat.flyOneCm":74564,"stat.playOneMinute":21018,"stat.mineBlock.minecraft.redstone_ore":13,"stat.damageDealt":100,"stat.killEntity.Zombie":2,"stat.timeSinceDeath":21018,"stat.useItem.minecraft.iron_pickaxe":26}