{"stat.damageDealt":5076,"achievement.openInventory":1,"achievement.exploreAllBiomes":{"value":0,"progress":["Plains"]},"stat.useItem.minecraft.stone_sword":23,"stat.mineBlock.minecraft.diamond_ore":14,"stat.fallOneCm":1370,"stat.flyOneCm":10357,"stat.damageTaken":238,"stat.timeSinceDeath":4140,"stat.leaveGame":1,"stat.playOneMinute":4140,"stat.killEntity.Creeper":4,"stat.jump":40,"stat.killEntity.Blaze":2,"stat.mobKills":20,"stat.killEntity.Skeleton":11,"stat.useItem.minecraft.iron_pickaxe":14,"stat.walkOneCm":50264,"stat.killEntity.Zombie":3,"stat.sprintOneCm":30378}