{"stat.useItem.minecraft.record_mellohi":4,"stat.useItem.minecraft.stone_slab":12,"stat.walkOneCm":269449,"stat.useItem.minecraft.quartz_block":581,"stat.useItem.minecraft.record_wait":1,"stat.useItem.minecraft.chest":1,"stat.useItem.minecraft.record_ward":2,"stat.useItem.minecraft.record_11":2,"achievement.openInventory":45,"stat.killEntity.Chicken":2,"stat.leaveGame":1,"stat.useItem.minecraft.iron_block":39,"stat.useItem.minecraft.record_cat":1,"stat.useItem.minecraft.record_far":1,"stat.mobKills":2,"stat.useItem.minecraft.armor_stand":3,"stat.useItem.minecraft.carpet":19,"stat.useItem.minecraft.stained_glass_pane":3,"stat.flyOneCm":15610,"stat.useItem.minecraft.record_strad":3,"stat.jump":106,"stat.playOneMinute":53432,"stat.useItem.minecraft.item_frame":5,"stat.useItem.minecraft.sea_lantern":76,"stat.damageDealt":130,"stat.crouchOneCm":52,"stat.timeSinceDeath":53432,"stat.useItem.minecraft.record_13":1,"stat.sprintOneCm":1750,"stat.useItem.minecraft.stained_glass":96,"stat.useItem.minecraft.jukebox":2,"stat.useItem.minecraft.record_stal":2,"stat.useItem.minecraft.spawn_egg":5,"achievement.exploreAllBiomes":{"value":0,"progress":["Plains"]},"stat.useItem.minecraft.record_blocks":1,"stat.useItem.minecraft.record_mall":2}