{"stat.flyOneCm":215952,"stat.walkOneCm":61354,"stat.useItem.minecraft.stone_slab":56,"stat.jump":91,"stat.playOneMinute":23987,"achievement.openInventory":3,"stat.climbOneCm":888,"stat.fallOneCm":1822,"stat.useItem.minecraft.ladder":12,"stat.leaveGame":1,"stat.useItem.minecraft.iron_block":9,"stat.damageTaken":160,"stat.crouchOneCm":93,"stat.timeSinceDeath":23987,"stat.useItem.minecraft.stained_glass":10,"stat.sprintOneCm":15232,"achievement.exploreAllBiomes":{"value":0,"progress":["Plains"]},"stat.useItem.minecraft.stained_glass_pane":19}