{"stat.damageDealt":1225,"stat.crouchOneCm":5290,"stat.useItem.minecraft.obsidian":133,"achievement.exploreAllBiomes":{"value":0,"progress":["Plains"]},"stat.useItem.minecraft.iron_block":10,"achievement.openInventory":22,"stat.fallOneCm":4826,"stat.mineBlock.minecraft.diamond_ore":17,"stat.flyOneCm":77793,"stat.killEntity.Chicken":3,"stat.damageTaken":1508,"stat.timeSinceDeath":31093,"stat.useItem.minecraft.barrier":63,"stat.playOneMinute":43951,"stat.leaveGame":2,"stat.useItem.minecraft.bow":8,"stat.jump":56,"stat.deaths":4,"stat.mobKills":17,"stat.entityKilledBy.Zombie":1,"stat.killEntity.Skeleton":14,"stat.walkOneCm":189134,"stat.useItem.minecraft.iron_pickaxe":17,"stat.entityKilledBy.Blaze":1,"stat.useItem.minecraft.iron_sword":17,"stat.sprintOneCm":112159,"stat.useItem.minecraft.dirt":24}