{"stat.useItem.minecraft.anvil":1,"stat.crouchOneCm":107471,"stat.useItem.minecraft.diamond_pickaxe":28,"stat.useItem.minecraft.chest":16,"stat.killEntity.Sheep":1,"stat.mineBlock.minecraft.stained_glass":1,"achievement.exploreAllBiomes":{"value":0,"progress":["Plains"]},"stat.useItem.minecraft.quartz_block":19,"stat.useItem.minecraft.command_block":57,"stat.useItem.minecraft.stained_glass":75,"achievement.openInventory":892,"stat.damageDealt":53382,"stat.useItem.minecraft.experience_bottle":64,"stat.useItem.minecraft.item_frame":26,"stat.useItem.minecraft.iron_block":14,"stat.useItem.minecraft.milk_bucket":10,"stat.useItem.minecraft.cooked_mutton":2,"stat.fallOneCm":135850,"stat.mineBlock.minecraft.diamond_ore":62,"stat.flyOneCm":1542735,"stat.useItem.minecraft.diamond_sword":91,"stat.climbOneCm":4122,"stat.useItem.minecraft.stone_sword":67,"stat.useItem.minecraft.potion":2,"stat.killEntity.Chicken":55,"stat.drop":75,"stat.damageTaken":30725,"stat.leaveGame":51,"stat.useItem.minecraft.bow":779,"stat.useItem.minecraft.diamond_ore":45,"stat.useItem.minecraft.rotten_flesh":1,"stat.useItem.minecraft.iron_axe":19,"stat.useItem.minecraft.stone_slab":178,"stat.timeSinceDeath":235,"stat.useItem.minecraft.golden_apple":25,"stat.killEntity.Creeper":12,"stat.useItem.minecraft.emerald_block":6,"stat.playOneMinute":1208705,"stat.useItem.minecraft.redstone_torch":4,"stat.useItem.minecraft.wool":2,"stat.entityKilledBy.Skeleton":1,"stat.deaths":95,"stat.craftItem.minecraft.blaze_powder":2,"stat.mobKills":692,"stat.killEntity.Skeleton":328,"stat.breakItem.minecraft.leather_helmet":1,"stat.walkOneCm":2763884,"stat.playerKills":24,"stat.entityKilledBy.Blaze":1,"stat.killEntity.Zombie":276,"stat.useItem.minecraft.sign":36,"stat.useItem.minecraft.carpet":34,"stat.jump":3100,"stat.useItem.minecraft.armor_stand":3,"stat.useItem.minecraft.wooden_button":4,"stat.killEntity.Blaze":17,"stat.useItem.minecraft.banner":1,"stat.entityKilledBy.Zombie":18,"stat.useItem.minecraft.spawn_egg":134,"stat.useItem.minecraft.iron_pickaxe":41,"stat.useItem.minecraft.iron_sword":534,"stat.useItem.minecraft.sea_lantern":8,"stat.sprintOneCm":1477835,"stat.useItem.minecraft.dirt":1}