{"stat.crouchOneCm":5906,"stat.useItem.minecraft.diamond_pickaxe":13,"stat.useItem.minecraft.stained_glass":1,"achievement.openInventory":307,"stat.damageDealt":23358,"stat.mineBlock.minecraft.stained_glass":3,"achievement.exploreAllBiomes":{"value":0,"progress":["Plains"]},"stat.craftItem.minecraft.iron_sword":1,"stat.useItem.minecraft.milk_bucket":5,"stat.mineBlock.minecraft.carpet":1,"stat.fallOneCm":110638,"stat.mineBlock.minecraft.diamond_ore":18,"stat.flyOneCm":652540,"stat.useItem.minecraft.diamond_sword":140,"stat.entityKilledBy.Creeper":1,"stat.climbOneCm":5975,"stat.drop":39,"stat.killEntity.Chicken":117,"stat.damageTaken":28153,"stat.useItem.minecraft.flower_pot":1,"stat.timeSinceDeath":932,"stat.leaveGame":17,"stat.killEntity.Creeper":4,"stat.useItem.minecraft.bow":267,"stat.playOneMinute":329698,"stat.useItem.minecraft.rotten_flesh":1,"stat.useItem.minecraft.golden_sword":1,"stat.useItem.minecraft.stone_slab":3,"stat.deaths":115,"stat.useItem.minecraft.carpet":1,"stat.jump":1719,"stat.mobKills":176,"stat.entityKilledBy.Zombie":16,"stat.killEntity.Skeleton":18,"stat.walkOneCm":2477723,"stat.playerKills":26,"stat.useItem.minecraft.iron_pickaxe":7,"stat.killEntity.Zombie":34,"stat.useItem.minecraft.iron_sword":132,"stat.sprintOneCm":861684}