{"stat.damageDealt":1890,"stat.useItem.minecraft.diamond_pickaxe":51,"achievement.exploreAllBiomes":{"value":0,"progress":["Plains"]},"achievement.openInventory":4,"stat.fallOneCm":2932,"stat.mineBlock.minecraft.diamond_ore":18,"stat.flyOneCm":22807,"stat.damageTaken":440,"stat.timeSinceDeath":7190,"stat.leaveGame":1,"stat.playOneMinute":7190,"stat.jump":78,"stat.killEntity.Blaze":1,"stat.mobKills":6,"stat.killEntity.Skeleton":1,"stat.useItem.minecraft.iron_pickaxe":15,"stat.walkOneCm":93423,"stat.killEntity.Zombie":4,"stat.mineBlock.minecraft.redstone_ore":23,"stat.sprintOneCm":71727}