{"stat.breakItem.minecraft.stone_sword":1,"stat.crouchOneCm":740276,"stat.useItem.minecraft.diamond_pickaxe":26,"stat.craftItem.minecraft.iron_helmet":2,"stat.useItem.minecraft.potato":2,"stat.mineBlock.minecraft.stained_glass":1,"achievement.exploreAllBiomes":{"value":0,"progress":["Plains"]},"stat.useItem.minecraft.quartz_block":2,"stat.useItem.minecraft.command_block":2,"stat.useItem.minecraft.stained_glass":14,"achievement.openInventory":531,"stat.damageDealt":54452,"stat.useItem.minecraft.item_frame":2,"stat.useItem.minecraft.iron_block":3,"stat.useItem.minecraft.melon":25,"stat.fallOneCm":245974,"stat.mineBlock.minecraft.diamond_ore":76,"stat.flyOneCm":1996117,"stat.craftItem.minecraft.leather_boots":3,"stat.craftItem.minecraft.diamond_sword":1,"stat.damageTaken":107597,"stat.useItem.minecraft.milk_bucket":8,"stat.useItem.minecraft.diamond_sword":66,"stat.entityKilledBy.Creeper":3,"stat.useItem.minecraft.stone_sword":148,"stat.climbOneCm":24400,"stat.killEntity.Chicken":52,"stat.drop":435,"stat.leaveGame":32,"stat.useItem.minecraft.bow":1227,"stat.breakItem.minecraft.leather_chestplate":1,"stat.craftItem.minecraft.banner":2,"stat.useItem.minecraft.rotten_flesh":10,"stat.useItem.minecraft.iron_axe":22,"stat.useItem.minecraft.stone_slab":12,"stat.timeSinceDeath":224,"stat.useItem.minecraft.golden_apple":24,"stat.craftItem.minecraft.leather_chestplate":3,"stat.killEntity.Creeper":9,"stat.useItem.minecraft.crafting_table":2,"stat.playOneMinute":946762,"stat.useItem.minecraft.wool":1,"stat.entityKilledBy.Skeleton":3,"stat.deaths":171,"stat.craftItem.minecraft.leather_leggings":3,"stat.mobKills":642,"stat.killEntity.Skeleton":413,"stat.walkOneCm":4636645,"stat.playerKills":54,"stat.entityKilledBy.Blaze":4,"stat.killEntity.Zombie":134,"stat.useItem.minecraft.sign":3,"stat.useItem.minecraft.carpet":6,"stat.jump":6328,"stat.useItem.minecraft.armor_stand":2,"stat.killEntity.Blaze":19,"stat.useItem.minecraft.banner":3,"stat.entityKilledBy.Zombie":29,"stat.useItem.minecraft.iron_pickaxe":52,"stat.useItem.minecraft.iron_sword":426,"stat.sprintOneCm":1535927}