{"stat.useItem.minecraft.command_block":37,"stat.flyOneCm":19102,"stat.walkOneCm":132864,"stat.useItem.minecraft.stone_slab":36,"stat.jump":61,"stat.playOneMinute":22888,"achievement.openInventory":12,"stat.useItem.minecraft.redstone_block":19,"stat.useItem.minecraft.stone_pickaxe":3,"stat.useItem.minecraft.diamond_ore":21,"stat.crouchOneCm":30,"stat.useItem.minecraft.wool":12,"stat.timeSinceDeath":22888,"stat.useItem.minecraft.wooden_pickaxe":3,"stat.useItem.minecraft.ender_chest":4,"stat.useItem.minecraft.iron_pickaxe":1,"stat.sprintOneCm":33,"stat.useItem.minecraft.stained_glass":1,"stat.useItem.minecraft.redstone_ore":12,"achievement.exploreAllBiomes":{"value":0,"progress":["Plains"]},"stat.mineBlock.minecraft.redstone_block":3}