{"stat.useItem.minecraft.command_block":8,"stat.walkOneCm":274369,"stat.useItem.minecraft.stone_slab":34,"stat.useItem.minecraft.quartz_block":69,"achievement.openInventory":24,"stat.leaveGame":1,"stat.killEntity.Wolf":1,"stat.useItem.minecraft.dark_oak_fence_gate":4,"stat.useItem.minecraft.skull":1,"stat.mobKills":2,"stat.useItem.minecraft.carpet":127,"stat.useItem.minecraft.stained_glass_pane":22,"stat.flyOneCm":23971,"stat.useItem.minecraft.birch_fence":2,"stat.jump":114,"stat.playOneMinute":44193,"stat.useItem.minecraft.sea_lantern":3,"stat.useItem.minecraft.stone_sword":1,"stat.damageDealt":253,"stat.crouchOneCm":3122,"stat.useItem.minecraft.wool":106,"stat.timeSinceDeath":44193,"stat.useItem.minecraft.nether_brick_fence":2,"stat.useItem.minecraft.redstone_torch":3,"stat.useItem.minecraft.dirt":1,"stat.sprintOneCm":2875,"stat.useItem.minecraft.sign":18,"stat.useItem.minecraft.stained_glass":34,"stat.useItem.minecraft.spawn_egg":3,"stat.killEntity.Pig":1,"achievement.exploreAllBiomes":{"value":0,"progress":["Plains"]}}