{"stat.crouchOneCm":669,"stat.useItem.minecraft.diamond_pickaxe":15,"stat.useItem.minecraft.snowball":4,"stat.useItem.minecraft.command_block":7,"achievement.openInventory":36,"stat.damageDealt":1202,"achievement.exploreAllBiomes":{"value":0,"progress":["Plains"]},"stat.useItem.minecraft.potion":12,"stat.fallOneCm":3739,"stat.mineBlock.minecraft.diamond_ore":23,"stat.flyOneCm":52307,"stat.damageTaken":1190,"stat.timeSinceDeath":43191,"stat.leaveGame":3,"stat.killEntity.Creeper":2,"stat.useItem.minecraft.bow":2,"stat.playOneMinute":43191,"stat.useItem.minecraft.stone_slab":4,"stat.useItem.minecraft.carpet":6,"stat.jump":56,"stat.mobKills":5,"stat.killEntity.Skeleton":1,"stat.walkOneCm":133378,"stat.useItem.minecraft.iron_pickaxe":24,"stat.killEntity.Zombie":2,"stat.sprintOneCm":59156}