{"stat.useItem.minecraft.bow":36,"stat.flyOneCm":3519,"stat.killEntity.Skeleton":3,"stat.deaths":1,"stat.walkOneCm":149381,"stat.jump":10,"stat.playOneMinute":9247,"stat.fallOneCm":1355,"achievement.openInventory":2,"stat.mineBlock.minecraft.diamond_ore":2,"stat.leaveGame":1,"stat.damageTaken":651,"stat.damageDealt":900,"stat.entityKilledBy.Blaze":1,"stat.timeSinceDeath":3115,"stat.sprintOneCm":10244,"stat.mobKills":11,"stat.useItem.minecraft.iron_pickaxe":20,"stat.useItem.minecraft.spawn_egg":2,"stat.killEntity.Pig":7,"achievement.exploreAllBiomes":{"value":0,"progress":["Plains"]}}