{"stat.useItem.minecraft.command_block":16,"stat.useItem.minecraft.bow":1,"stat.useItem.minecraft.lapis_block":76,"stat.walkOneCm":204133,"stat.useItem.minecraft.torch":3,"stat.useItem.minecraft.chest":4,"stat.leaveGame":8,"stat.useItem.minecraft.beacon":1,"stat.useItem.minecraft.carpet":22,"stat.useItem.minecraft.diamond_sword":28,"stat.useItem.minecraft.stained_glass_pane":4,"stat.jump":101,"stat.useItem.minecraft.redstone_block":2,"stat.fallOneCm":6146,"stat.useItem.minecraft.sea_lantern":76,"stat.crouchOneCm":694,"stat.useItem.minecraft.dirt":1,"stat.sprintOneCm":329,"stat.useItem.minecraft.stained_glass":239,"achievement.exploreAllBiomes":{"value":0,"progress":["Plains"]},"stat.useItem.minecraft.prismarine":1,"stat.useItem.minecraft.stone_slab":25,"achievement.openInventory":18,"stat.damageTaken":669,"stat.mobKills":8,"stat.flyOneCm":267722,"stat.deaths":1,"stat.playOneMinute":70089,"stat.useItem.minecraft.enchanting_table":1,"stat.damageDealt":2390,"stat.killEntity.Zombie":8,"stat.timeSinceDeath":2275}