{"stat.useItem.minecraft.command_block":4,"stat.walkOneCm":165932,"stat.useItem.minecraft.stone_slab":35,"stat.useItem.minecraft.sticky_piston":1,"stat.useItem.minecraft.lever":1,"achievement.openInventory":26,"stat.leaveGame":2,"stat.useItem.minecraft.wooden_button":1,"stat.killEntity.Wolf":2,"stat.mobKills":19,"stat.useItem.minecraft.armor_stand":2,"stat.useItem.minecraft.heavy_weighted_pressure_plate":1,"stat.useItem.minecraft.stained_glass_pane":22,"stat.flyOneCm":41770,"stat.drop":2,"stat.jump":20,"stat.playOneMinute":38162,"stat.useItem.minecraft.item_frame":6,"stat.useItem.minecraft.milk_bucket":1,"stat.damageDealt":1870,"stat.timeSinceDeath":38162,"stat.useItem.minecraft.redstone_torch":1,"stat.useItem.minecraft.iron_pickaxe":35,"stat.sprintOneCm":1356,"stat.useItem.minecraft.sign":18,"stat.killEntity.Pig":17,"achievement.exploreAllBiomes":{"value":0,"progress":["Plains"]}}