{"stat.useItem.minecraft.bow":9,"stat.flyOneCm":1831,"stat.walkOneCm":91937,"stat.useItem.minecraft.golden_sword":6,"stat.useItem.minecraft.torch":1,"stat.jump":37,"stat.useItem.minecraft.quartz_block":5,"stat.playOneMinute":12164,"achievement.openInventory":12,"stat.useItem.minecraft.sea_lantern":39,"stat.leaveGame":1,"stat.damageDealt":300,"stat.useItem.minecraft.wool":15,"stat.timeSinceDeath":12164,"stat.useItem.minecraft.skull":5,"stat.mobKills":3,"stat.useItem.minecraft.stained_glass":3,"stat.sprintOneCm":122,"stat.killEntity.Pig":3,"achievement.exploreAllBiomes":{"value":0,"progress":["Plains"]},"stat.useItem.minecraft.armor_stand":1}