{"stat.damageDealt":90,"stat.crouchOneCm":441,"stat.useItem.minecraft.diamond_pickaxe":1,"achievement.exploreAllBiomes":{"value":0,"progress":["Plains"]},"stat.useItem.minecraft.command_block":13,"achievement.openInventory":1,"stat.fallOneCm":1707,"stat.flyOneCm":75632,"stat.killEntity.Chicken":1,"stat.damageTaken":150,"stat.timeSinceDeath":58325,"stat.playOneMinute":58325,"stat.leaveGame":4,"stat.useItem.minecraft.lapis_block":34,"stat.jump":58,"stat.useItem.minecraft.carpet":8,"stat.mobKills":1,"stat.walkOneCm":72082,"stat.useItem.minecraft.iron_sword":1,"stat.sprintOneCm":23334,"stat.mineBlock.minecraft.lapis_ore":1}