{"stat.useItem.minecraft.anvil":1,"stat.crouchOneCm":116042,"stat.useItem.minecraft.diamond_pickaxe":28,"stat.useItem.minecraft.chest":16,"stat.killEntity.Sheep":1,"stat.mineBlock.minecraft.stained_glass":1,"achievement.exploreAllBiomes":{"value":0,"progress":["Plains"]},"stat.useItem.minecraft.quartz_block":19,"stat.useItem.minecraft.command_block":65,"stat.useItem.minecraft.stained_glass":92,"achievement.openInventory":993,"stat.damageDealt":55667,"stat.useItem.minecraft.experience_bottle":64,"stat.useItem.minecraft.item_frame":27,"stat.useItem.minecraft.iron_block":14,"stat.useItem.minecraft.cooked_mutton":2,"stat.useItem.minecraft.stained_hardened_clay":2,"stat.fallOneCm":138802,"stat.mineBlock.minecraft.diamond_ore":75,"stat.flyOneCm":1638860,"stat.damageTaken":31745,"stat.useItem.minecraft.torch":5,"stat.useItem.minecraft.milk_bucket":10,"stat.useItem.minecraft.diamond_sword":117,"stat.climbOneCm":4122,"stat.useItem.minecraft.stone_sword":67,"stat.useItem.minecraft.potion":2,"stat.killEntity.Chicken":62,"stat.drop":75,"stat.useItem.minecraft.golden_pickaxe":1,"stat.leaveGame":53,"stat.useItem.minecraft.glowstone":1,"stat.useItem.minecraft.bow":780,"stat.useItem.minecraft.diamond_ore":46,"stat.useItem.minecraft.rotten_flesh":1,"stat.useItem.minecraft.iron_axe":19,"stat.useItem.minecraft.stone_slab":210,"stat.timeSinceDeath":54665,"stat.useItem.minecraft.golden_apple":26,"stat.killEntity.Creeper":13,"stat.useItem.minecraft.emerald_block":6,"stat.playOneMinute":1286031,"stat.useItem.minecraft.redstone_torch":4,"stat.useItem.minecraft.wool":15,"stat.entityKilledBy.Skeleton":1,"stat.deaths":98,"stat.craftItem.minecraft.blaze_powder":2,"stat.mobKills":711,"stat.killEntity.Skeleton":333,"stat.breakItem.minecraft.leather_helmet":1,"stat.walkOneCm":2905393,"stat.playerKills":24,"stat.entityKilledBy.Blaze":1,"stat.killEntity.Zombie":281,"stat.useItem.minecraft.sign":41,"stat.useItem.minecraft.carpet":43,"stat.jump":3173,"stat.useItem.minecraft.armor_stand":3,"stat.useItem.minecraft.wooden_button":4,"stat.killEntity.Blaze":17,"stat.useItem.minecraft.banner":1,"stat.entityKilledBy.Zombie":20,"stat.useItem.minecraft.spawn_egg":134,"stat.useItem.minecraft.iron_pickaxe":56,"stat.useItem.minecraft.iron_sword":534,"stat.useItem.minecraft.sea_lantern":8,"stat.sprintOneCm":1548069,"stat.useItem.minecraft.dirt":1}