{"stat.crouchOneCm":5906,"stat.useItem.minecraft.diamond_pickaxe":13,"stat.useItem.minecraft.stained_glass":1,"achievement.openInventory":311,"stat.damageDealt":28882,"stat.mineBlock.minecraft.stained_glass":3,"achievement.exploreAllBiomes":{"value":0,"progress":["Plains"]},"stat.craftItem.minecraft.iron_sword":1,"stat.useItem.minecraft.milk_bucket":5,"stat.mineBlock.minecraft.carpet":1,"stat.fallOneCm":113610,"stat.mineBlock.minecraft.diamond_ore":18,"stat.flyOneCm":672261,"stat.useItem.minecraft.diamond_sword":170,"stat.entityKilledBy.Creeper":1,"stat.climbOneCm":5975,"stat.drop":46,"stat.killEntity.Chicken":155,"stat.damageTaken":29088,"stat.useItem.minecraft.flower_pot":1,"stat.timeSinceDeath":18455,"stat.leaveGame":18,"stat.killEntity.Creeper":4,"stat.useItem.minecraft.bow":302,"stat.playOneMinute":360334,"stat.useItem.minecraft.rotten_flesh":1,"stat.useItem.minecraft.golden_sword":49,"stat.useItem.minecraft.stone_slab":3,"stat.deaths":119,"stat.useItem.minecraft.carpet":1,"stat.jump":1798,"stat.mobKills":258,"stat.entityKilledBy.Zombie":16,"stat.killEntity.Skeleton":61,"stat.walkOneCm":2773421,"stat.playerKills":26,"stat.useItem.minecraft.iron_pickaxe":7,"stat.killEntity.Zombie":35,"stat.useItem.minecraft.iron_sword":132,"stat.sprintOneCm":886314}