{"stat.useItem.minecraft.anvil":1,"stat.crouchOneCm":96377,"stat.useItem.minecraft.diamond_pickaxe":13,"stat.useItem.minecraft.chest":16,"stat.killEntity.Sheep":1,"stat.mineBlock.minecraft.stained_glass":1,"achievement.exploreAllBiomes":{"value":0,"progress":["Plains"]},"stat.useItem.minecraft.quartz_block":14,"stat.useItem.minecraft.command_block":33,"stat.useItem.minecraft.stained_glass":53,"achievement.openInventory":667,"stat.damageDealt":44705,"stat.useItem.minecraft.experience_bottle":64,"stat.useItem.minecraft.item_frame":20,"stat.useItem.minecraft.iron_block":11,"stat.useItem.minecraft.milk_bucket":9,"stat.useItem.minecraft.cooked_mutton":2,"stat.fallOneCm":105107,"stat.mineBlock.minecraft.diamond_ore":47,"stat.flyOneCm":1316216,"stat.useItem.minecraft.diamond_sword":12,"stat.climbOneCm":4122,"stat.useItem.minecraft.stone_sword":67,"stat.useItem.minecraft.potion":2,"stat.drop":70,"stat.damageTaken":25193,"stat.leaveGame":49,"stat.useItem.minecraft.bow":574,"stat.useItem.minecraft.diamond_ore":45,"stat.useItem.minecraft.rotten_flesh":1,"stat.useItem.minecraft.iron_axe":19,"stat.useItem.minecraft.stone_slab":69,"stat.timeSinceDeath":43292,"stat.useItem.minecraft.golden_apple":20,"stat.killEntity.Creeper":4,"stat.playOneMinute":1012279,"stat.useItem.minecraft.redstone_torch":4,"stat.useItem.minecraft.wool":2,"stat.entityKilledBy.Skeleton":1,"stat.deaths":80,"stat.craftItem.minecraft.blaze_powder":2,"stat.mobKills":569,"stat.killEntity.Skeleton":296,"stat.breakItem.minecraft.leather_helmet":1,"stat.walkOneCm":2297542,"stat.playerKills":18,"stat.entityKilledBy.Blaze":1,"stat.killEntity.Zombie":252,"stat.useItem.minecraft.sign":8,"stat.useItem.minecraft.carpet":12,"stat.jump":2678,"stat.useItem.minecraft.armor_stand":1,"stat.useItem.minecraft.wooden_button":2,"stat.killEntity.Blaze":14,"stat.useItem.minecraft.banner":1,"stat.entityKilledBy.Zombie":14,"stat.useItem.minecraft.spawn_egg":134,"stat.useItem.minecraft.iron_pickaxe":41,"stat.useItem.minecraft.iron_sword":509,"stat.useItem.minecraft.sea_lantern":8,"stat.sprintOneCm":1207291,"stat.useItem.minecraft.dirt":1}