{"stat.useItem.minecraft.lapis_block":60,"stat.useItem.minecraft.stone_slab":34,"stat.walkOneCm":120495,"achievement.openInventory":30,"stat.leaveGame":1,"stat.useItem.minecraft.stone_pressure_plate":1,"stat.useItem.minecraft.skull":14,"stat.useItem.minecraft.ender_eye":7,"stat.useItem.minecraft.armor_stand":3,"stat.useItem.minecraft.heavy_weighted_pressure_plate":3,"stat.useItem.minecraft.carpet":1,"stat.useItem.minecraft.stained_glass_pane":3,"stat.flyOneCm":12301,"stat.useItem.minecraft.flower_pot":2,"stat.jump":38,"stat.playOneMinute":29248,"stat.useItem.minecraft.banner":8,"stat.useItem.minecraft.item_frame":3,"stat.useItem.minecraft.wool":4,"stat.crouchOneCm":95,"stat.timeSinceDeath":29248,"stat.useItem.minecraft.stone_button":8,"stat.useItem.minecraft.sign":26,"stat.useItem.minecraft.stained_glass":8,"achievement.exploreAllBiomes":{"value":0,"progress":["Plains"]}}