{"stat.crouchOneCm":5495,"stat.useItem.minecraft.stained_glass":1,"achievement.openInventory":271,"stat.damageDealt":11985,"stat.mineBlock.minecraft.stained_glass":3,"achievement.exploreAllBiomes":{"value":0,"progress":["Plains"]},"stat.craftItem.minecraft.iron_sword":1,"stat.useItem.minecraft.milk_bucket":3,"stat.mineBlock.minecraft.carpet":1,"stat.fallOneCm":79087,"stat.flyOneCm":484670,"stat.useItem.minecraft.diamond_sword":3,"stat.entityKilledBy.Creeper":1,"stat.climbOneCm":3524,"stat.drop":34,"stat.useItem.minecraft.flower_pot":1,"stat.damageTaken":19893,"stat.timeSinceDeath":10499,"stat.playOneMinute":256477,"stat.leaveGame":13,"stat.useItem.minecraft.rotten_flesh":1,"stat.useItem.minecraft.bow":128,"stat.useItem.minecraft.stone_slab":3,"stat.deaths":83,"stat.useItem.minecraft.carpet":1,"stat.jump":1332,"stat.mobKills":46,"stat.entityKilledBy.Zombie":12,"stat.killEntity.Skeleton":14,"stat.walkOneCm":1855589,"stat.playerKills":23,"stat.killEntity.Zombie":29,"stat.useItem.minecraft.iron_sword":132,"stat.sprintOneCm":673111}