{"stat.breakItem.minecraft.stone_sword":1,"stat.crouchOneCm":125965,"stat.useItem.minecraft.diamond_pickaxe":26,"stat.craftItem.minecraft.iron_helmet":2,"stat.useItem.minecraft.potato":2,"stat.mineBlock.minecraft.stained_glass":1,"achievement.exploreAllBiomes":{"value":0,"progress":["Plains"]},"stat.useItem.minecraft.quartz_block":2,"stat.useItem.minecraft.command_block":2,"stat.useItem.minecraft.stained_glass":6,"achievement.openInventory":447,"stat.damageDealt":44045,"stat.useItem.minecraft.item_frame":2,"stat.useItem.minecraft.milk_bucket":8,"stat.useItem.minecraft.melon":25,"stat.fallOneCm":196432,"stat.mineBlock.minecraft.diamond_ore":50,"stat.flyOneCm":1701400,"stat.useItem.minecraft.diamond_sword":2,"stat.entityKilledBy.Creeper":3,"stat.useItem.minecraft.stone_sword":148,"stat.climbOneCm":23984,"stat.craftItem.minecraft.leather_boots":3,"stat.drop":392,"stat.damageTaken":100248,"stat.leaveGame":27,"stat.useItem.minecraft.bow":1077,"stat.breakItem.minecraft.leather_chestplate":1,"stat.craftItem.minecraft.banner":2,"stat.useItem.minecraft.rotten_flesh":9,"stat.useItem.minecraft.iron_axe":22,"stat.useItem.minecraft.stone_slab":8,"stat.timeSinceDeath":15001,"stat.useItem.minecraft.golden_apple":23,"stat.craftItem.minecraft.leather_chestplate":3,"stat.killEntity.Creeper":9,"stat.useItem.minecraft.crafting_table":2,"stat.playOneMinute":815451,"stat.useItem.minecraft.wool":1,"stat.entityKilledBy.Skeleton":3,"stat.deaths":146,"stat.craftItem.minecraft.leather_leggings":3,"stat.mobKills":556,"stat.killEntity.Skeleton":399,"stat.walkOneCm":3394277,"stat.playerKills":41,"stat.entityKilledBy.Blaze":3,"stat.killEntity.Zombie":116,"stat.useItem.minecraft.sign":3,"stat.useItem.minecraft.carpet":6,"stat.jump":5847,"stat.useItem.minecraft.armor_stand":2,"stat.killEntity.Blaze":17,"stat.useItem.minecraft.banner":3,"stat.entityKilledBy.Zombie":28,"stat.useItem.minecraft.iron_pickaxe":25,"stat.useItem.minecraft.iron_sword":370,"stat.sprintOneCm":1405085}