{"stat.useItem.minecraft.command_block":8,"stat.useItem.minecraft.bow":47,"stat.useItem.minecraft.lapis_block":1,"stat.walkOneCm":115760,"achievement.openInventory":7,"stat.leaveGame":5,"stat.useItem.minecraft.iron_block":35,"stat.damageTaken":286,"stat.useItem.minecraft.carpet":3,"stat.flyOneCm":86866,"stat.jump":45,"stat.playOneMinute":22134,"stat.fallOneCm":569,"stat.useItem.minecraft.wool":3,"stat.crouchOneCm":72,"stat.timeSinceDeath":22134,"achievement.exploreAllBiomes":{"value":0,"progress":["Plains"]}}