{"stat.useItem.minecraft.command_block":55,"stat.useItem.minecraft.lapis_block":60,"stat.walkOneCm":185524,"stat.useItem.minecraft.stone_slab":25,"achievement.openInventory":7,"stat.leaveGame":5,"stat.damageTaken":50,"stat.useItem.minecraft.stained_glass_pane":5,"stat.flyOneCm":153804,"stat.jump":111,"stat.playOneMinute":46563,"stat.useItem.minecraft.redstone_block":36,"stat.fallOneCm":756,"stat.useItem.minecraft.diamond_ore":14,"stat.useItem.minecraft.sea_lantern":50,"stat.crouchOneCm":222,"stat.timeSinceDeath":46563,"stat.useItem.minecraft.stained_glass":31,"stat.sprintOneCm":1804,"achievement.exploreAllBiomes":{"value":0,"progress":["Plains"]}}