{"stat.damageDealt":465,"stat.crouchOneCm":211,"achievement.exploreAllBiomes":{"value":0,"progress":["Plains"]},"stat.useItem.minecraft.item_frame":2,"stat.useItem.minecraft.command_block":3,"achievement.openInventory":13,"stat.mineBlock.minecraft.diamond_ore":6,"stat.fallOneCm":2292,"stat.useItem.minecraft.diamond_sword":2,"stat.flyOneCm":35993,"stat.damageTaken":483,"stat.timeSinceDeath":15089,"stat.playOneMinute":15089,"stat.leaveGame":2,"stat.useItem.minecraft.bow":21,"stat.useItem.minecraft.wool":2,"stat.useItem.minecraft.stone_slab":4,"stat.jump":84,"stat.killEntity.Blaze":2,"stat.mobKills":4,"stat.killEntity.Skeleton":2,"stat.useItem.minecraft.iron_pickaxe":15,"stat.walkOneCm":111702,"stat.mineBlock.minecraft.redstone_ore":5,"stat.useItem.minecraft.sign":3,"stat.sprintOneCm":63067}