{"stat.damageDealt":985,"achievement.exploreAllBiomes":{"value":0,"progress":["Plains"]},"stat.mineBlock.minecraft.diamond_ore":14,"stat.fallOneCm":2172,"stat.flyOneCm":25614,"stat.damageTaken":440,"stat.timeSinceDeath":8094,"stat.leaveGame":1,"stat.useItem.minecraft.golden_apple":1,"stat.playOneMinute":8094,"stat.killEntity.Creeper":1,"stat.useItem.minecraft.bow":14,"stat.jump":86,"stat.killEntity.Blaze":1,"stat.mobKills":7,"stat.useItem.minecraft.baked_potato":3,"stat.killEntity.Skeleton":4,"stat.useItem.minecraft.spawn_egg":1,"stat.useItem.minecraft.iron_pickaxe":32,"stat.walkOneCm":122769,"stat.sprintOneCm":84456}