{"stat.crouchOneCm":2552,"stat.useItem.minecraft.chest":1,"stat.useItem.minecraft.quartz_block":428,"stat.useItem.minecraft.command_block":13,"stat.useItem.minecraft.stained_glass":115,"achievement.openInventory":49,"stat.damageDealt":1125,"achievement.exploreAllBiomes":{"value":0,"progress":["Plains"]},"stat.useItem.minecraft.iron_block":44,"stat.useItem.minecraft.quartz_stairs":97,"stat.useItem.minecraft.ladder":18,"stat.flyOneCm":629444,"stat.useItem.minecraft.diamond_sword":9,"stat.useItem.minecraft.writable_book":7,"stat.useItem.minecraft.stone":30,"stat.useItem.minecraft.lapis_ore":14,"stat.useItem.minecraft.ender_chest":1,"stat.climbOneCm":1672,"stat.useItem.minecraft.potion":19,"stat.drop":17,"stat.useItem.minecraft.torch":2,"stat.timeSinceDeath":35539,"stat.leaveGame":17,"stat.useItem.minecraft.lapis_block":108,"stat.useItem.minecraft.emerald_block":38,"stat.useItem.minecraft.diamond_ore":15,"stat.playOneMinute":171692,"stat.useItem.minecraft.redstone_torch":5,"stat.useItem.minecraft.wool":24,"stat.useItem.minecraft.stone_slab":244,"stat.deaths":5,"stat.useItem.minecraft.written_book":1,"stat.mobKills":4,"stat.killEntity.Skeleton":4,"stat.walkOneCm":709861,"stat.useItem.minecraft.sign":15,"stat.useItem.minecraft.redstone_ore":17,"stat.jump":476,"stat.useItem.minecraft.carpet":134,"stat.useItem.minecraft.banner":34,"stat.useItem.minecraft.sea_lantern":93,"stat.sprintOneCm":45335,"stat.useItem.minecraft.dirt":14}