{"stat.crouchOneCm":134,"stat.damageDealt":2066,"achievement.exploreAllBiomes":{"value":0,"progress":["Plains"]},"achievement.openInventory":3,"stat.useItem.minecraft.stone_sword":9,"stat.fallOneCm":4728,"stat.mineBlock.minecraft.diamond_ore":22,"stat.flyOneCm":24699,"stat.damageTaken":566,"stat.timeSinceDeath":2442,"stat.leaveGame":1,"stat.playOneMinute":6347,"stat.deaths":1,"stat.jump":52,"stat.killEntity.Blaze":2,"stat.mobKills":7,"stat.killEntity.Skeleton":4,"stat.useItem.minecraft.iron_pickaxe":32,"stat.walkOneCm":90739,"stat.killEntity.Zombie":1,"stat.sprintOneCm":63260}